{
  "accuracy": 0.9658536585365853,
  "f1_score": 0.966824644549763
}